,title,Location,Job Family,Job Class,Posting Start,Posting End,Details,MINIMUM SALARY,DAILY RATE RANGE,Salary,HOURLY RATE RANGE,SALARY RANGE
0,TRANSPORTATION RADIO DISPATCHER TIME CARD,TRANSPORTATION,CLASSIFIED,TIMECARD,07/03/2023,05/24/2024,JOB DESCRIPTION,,,,,
1,ASSISTANT SOFTBALL COACH / EXTRA / FULTON HIGH SCHOOL,FULTON HIGH,CLASSIFIED,ATH COACH SOFTBALL ASSISTANT,09/27/2022,11/29/2023,,,,,,
2,STRENGTH AND CONDITIONING COACH / HARDIN VALLEY ACADEMY,HARDIN VALLEY ACADEMY,CLASSIFIED,ATHLETIC COACH,07/31/2021,11/29/2023,,,,,,
3,TRANSPORTATION BUS ASSISTANT (TIME CARD),TRANSPORTATION,CLASSIFIED,,07/18/2022,10/31/2023,Job Description,,,,,
4,ASSISTANT FOOTBALL COACH / SOUTH DOYLE HIGH SCHOOL,SOUTH DOYLE HIGH,CLASSIFIED,ATH COACH FOOTBALL ASSISTANT,07/21/2022,11/29/2023,,,,,,
5,ASSISTANT WRESTLING COACH / FULTON HIGH SCHOOL,FULTON HIGH,CLASSIFIED,ATH COACH WRESTLING ASSISTANT,07/12/2022,11/29/2023,,,,,,
6,EDUC ASSIST SATL SP 23/24SY,RIDGEDALE ALTERNATIVE,CLASSIFIED,EDUCATIONAL ASSISTANT ALT SPD,07/03/2023,09/30/2023,JOB DESCRIPTION,"$26,439.00",,,,
7,EDUC ASSIST 504 ELEVATE PROGRAM 23/24SY,SYSTEMWIDE,CLASSIFIED,EDUCATIONAL ASSISTANT SPED MS,07/03/2023,09/30/2023,JOB DESCRIPTION,"$22,308.00",,,,
8,"TUTOR LITERACY ES - FULL TIME, PART TIME AVAILABLE",AL LOTTS ELEMENTARY,CLASSIFIED,TUTOR LITERACY,06/26/2023,04/30/2024,JOB DESCRIPTION,,$125.00-$125.00,,,
9,"TUTOR LITERACY ES - FULL TIME, PART TIME AVAILABLE",ADRIAN BURNETT ELEMENTARY,CLASSIFIED,TUTOR LITERACY,06/26/2023,04/30/2024,JOB DESCRIPTION,,$125.00-$125.00,,,
10,"TUTOR LITERACY ES - FULL TIME, PART TIME AVAILABLE",BALL CAMP ELEMENTARY,CLASSIFIED,TUTOR LITERACY,06/26/2023,04/30/2024,JOB DESCRIPTION,,$125.00-$125.00,,,
11,"TUTOR LITERACY ES - FULL TIME, PART TIME AVAILABLE",BELLE MORRIS ELEMENTARY,CLASSIFIED,TUTOR LITERACY,06/26/2023,04/30/2024,JOB DESCRIPTION,,$125.00-$125.00,,,
12,"TUTOR LITERACY ES - FULL TIME, PART TIME AVAILABLE",BLUE GRASS ELEMENTARY,CLASSIFIED,TUTOR LITERACY,06/26/2023,04/30/2024,JOB DESCRIPTION,,$125.00-$125.00,,,
13,"TUTOR LITERACY ES - FULL TIME, PART TIME AVAILABLE",BONNY KATE ELEMENTARY,CLASSIFIED,TUTOR LITERACY,06/26/2023,04/30/2024,JOB DESCRIPTION,,$125.00-$125.00,,,
14,"TUTOR LITERACY ES - FULL TIME, PART TIME AVAILABLE",CARTER ELEMENTARY,CLASSIFIED,TUTOR LITERACY,06/26/2023,04/30/2024,JOB DESCRIPTION,,$125.00-$125.00,,,
15,"TUTOR LITERACY ES - FULL TIME, PART TIME AVAILABLE",CEDAR BLUFF ELEMENTARY,CLASSIFIED,TUTOR LITERACY,06/26/2023,04/30/2024,JOB DESCRIPTION,,$125.00-$125.00,,,
16,"TUTOR LITERACY ES - FULL TIME, PART TIME AVAILABLE",CHILHOWEE INTERMEDIATE,CLASSIFIED,TUTOR LITERACY,06/26/2023,04/30/2024,JOB DESCRIPTION,,$125.00-$125.00,,,
17,"TUTOR LITERACY ES - FULL TIME, PART TIME AVAILABLE",CHRISTENBERRY ELEMENTARY,CLASSIFIED,TUTOR LITERACY,06/26/2023,04/30/2024,JOB DESCRIPTION,,$125.00-$125.00,,,
18,"TUTOR LITERACY ES - FULL TIME, PART TIME AVAILABLE",CORRYTON ELEMENTARY,CLASSIFIED,TUTOR LITERACY,06/26/2023,04/30/2024,JOB DESCRIPTION,,$125.00-$125.00,,,
19,"TUTOR LITERACY ES - FULL TIME, PART TIME AVAILABLE",DOGWOOD ELEMENTARY,CLASSIFIED,TUTOR LITERACY,06/26/2023,04/30/2024,JOB DESCRIPTION,,$125.00-$125.00,,,
20,"TUTOR LITERACY ES - FULL TIME, PART TIME AVAILABLE",EAST KNOX ELEMENTARY,CLASSIFIED,TUTOR LITERACY,06/26/2023,04/30/2024,JOB DESCRIPTION,,$125.00-$125.00,,,
21,"TUTOR LITERACY ES - FULL TIME, PART TIME AVAILABLE",FARRAGUT INTERMEDIATE,CLASSIFIED,TUTOR LITERACY,06/26/2023,04/30/2024,JOB DESCRIPTION,,$125.00-$125.00,,,
22,"TUTOR LITERACY ES - FULL TIME, PART TIME AVAILABLE",FOUNTAIN CITY ELEMENTARY,CLASSIFIED,TUTOR LITERACY,06/26/2023,04/30/2024,JOB DESCRIPTION,,$125.00-$125.00,,,
23,"TUTOR LITERACY ES - FULL TIME, PART TIME AVAILABLE",GAP CREEK ELEMENTARY,CLASSIFIED,TUTOR LITERACY,06/26/2023,04/30/2024,JOB DESCRIPTION,,$125.00-$125.00,,,
24,"TUTOR LITERACY ES - FULL TIME, PART TIME AVAILABLE",GIBBS ELEMENTARY,CLASSIFIED,TUTOR LITERACY,06/26/2023,04/30/2024,JOB DESCRIPTION,,$125.00-$125.00,,,
25,"TUTOR LITERACY ES - FULL TIME, PART TIME AVAILABLE",GREEN MAGNET ACADEMY,CLASSIFIED,TUTOR LITERACY,06/26/2023,04/30/2024,JOB DESCRIPTION,,$125.00-$125.00,,,
26,"TUTOR LITERACY ES - FULL TIME, PART TIME AVAILABLE",HARDIN VALLEY ELEMENTARY,CLASSIFIED,TUTOR LITERACY,06/26/2023,04/30/2024,JOB DESCRIPTION,,$125.00-$125.00,,,
27,"TUTOR LITERACY ES - FULL TIME, PART TIME AVAILABLE",INSKIP ELEMENTARY,CLASSIFIED,TUTOR LITERACY,06/26/2023,04/30/2024,JOB DESCRIPTION,,$125.00-$125.00,,,
28,"TUTOR LITERACY ES - FULL TIME, PART TIME AVAILABLE",KARNS ELEMENTARY,CLASSIFIED,TUTOR LITERACY,06/26/2023,04/30/2024,JOB DESCRIPTION,,$125.00-$125.00,,,
29,"TUTOR LITERACY ES - FULL TIME, PART TIME AVAILABLE",LONSDALE ELEMENTARY,CLASSIFIED,TUTOR LITERACY,06/26/2023,04/30/2024,JOB DESCRIPTION,,$125.00-$125.00,,,
30,"TUTOR LITERACY ES - FULL TIME, PART TIME AVAILABLE",MAYNARD ELEMENTARY,CLASSIFIED,TUTOR LITERACY,06/26/2023,04/30/2024,JOB DESCRIPTION,,$125.00-$125.00,,,
31,"TUTOR LITERACY ES - FULL TIME, PART TIME AVAILABLE",MOORELAND HEIGHTS ELEMENTARY,CLASSIFIED,TUTOR LITERACY,06/26/2023,04/30/2024,JOB DESCRIPTION,,$125.00-$125.00,,,
32,"TUTOR LITERACY ES - FULL TIME, PART TIME AVAILABLE",MOUNT OLIVE ELEMENTARY,CLASSIFIED,TUTOR LITERACY,06/26/2023,04/30/2024,JOB DESCRIPTION,,$125.00-$125.00,,,
33,"TUTOR LITERACY ES - FULL TIME, PART TIME AVAILABLE",NEW HOPEWELL ELEMENTARY,CLASSIFIED,TUTOR LITERACY,06/26/2023,04/30/2024,JOB DESCRIPTION,,$125.00-$125.00,,,
34,"TUTOR LITERACY ES - FULL TIME, PART TIME AVAILABLE",NORWOOD ELEMENTARY,CLASSIFIED,TUTOR LITERACY,06/26/2023,04/30/2024,JOB DESCRIPTION,,$125.00-$125.00,,,
35,"TUTOR LITERACY ES - FULL TIME, PART TIME AVAILABLE",PLEASANT RIDGE ELEMENTARY,CLASSIFIED,TUTOR LITERACY,06/26/2023,04/30/2024,JOB DESCRIPTION,,$125.00-$125.00,,,
36,"TUTOR LITERACY ES - FULL TIME, PART TIME AVAILABLE",POWELL ELEMENTARY,CLASSIFIED,TUTOR LITERACY,06/26/2023,04/30/2024,JOB DESCRIPTION,,$125.00-$125.00,,,
37,"TUTOR LITERACY ES - FULL TIME, PART TIME AVAILABLE",RITTA ELEMENTARY,CLASSIFIED,TUTOR LITERACY,06/26/2023,04/30/2024,JOB DESCRIPTION,,$125.00-$125.00,,,
38,"TUTOR LITERACY ES - FULL TIME, PART TIME AVAILABLE",SARAH MOORE GREENE MAGNET,CLASSIFIED,TUTOR LITERACY,06/26/2023,04/30/2024,JOB DESCRIPTION,,$125.00-$125.00,,,
39,"TUTOR LITERACY ES - FULL TIME, PART TIME AVAILABLE",SHANNONDALE ELEMENTARY,CLASSIFIED,TUTOR LITERACY,06/26/2023,04/30/2024,JOB DESCRIPTION,,$125.00-$125.00,,,
40,"TUTOR LITERACY ES - FULL TIME, PART TIME AVAILABLE",SOUTH KNOX ELEMENTARY,CLASSIFIED,TUTOR LITERACY,06/26/2023,04/30/2024,JOB DESCRIPTION,,$125.00-$125.00,,,
41,"TUTOR LITERACY ES - FULL TIME, PART TIME AVAILABLE",SPRING HILL,CLASSIFIED,TUTOR LITERACY,06/26/2023,04/30/2024,JOB DESCRIPTION,,$125.00-$125.00,,,
42,"TUTOR LITERACY ES - FULL TIME, PART TIME AVAILABLE",STERCHI ELEMENTARY,CLASSIFIED,TUTOR LITERACY,06/26/2023,04/30/2024,JOB DESCRIPTION,,$125.00-$125.00,,,
43,"TUTOR LITERACY ES - FULL TIME, PART TIME AVAILABLE",SUNNYVIEW,CLASSIFIED,TUTOR LITERACY,06/26/2023,04/30/2024,JOB DESCRIPTION,,$125.00-$125.00,,,
44,"TUTOR LITERACY ES - FULL TIME, PART TIME AVAILABLE",WEST HAVEN ELEMENTARY,CLASSIFIED,TUTOR LITERACY,06/26/2023,04/30/2024,JOB DESCRIPTION,,$125.00-$125.00,,,
45,"TUTOR LITERACY ES - FULL TIME, PART TIME AVAILABLE",WEST HILLS ELEMENTARY,CLASSIFIED,TUTOR LITERACY,06/26/2023,04/30/2024,JOB DESCRIPTION,,$125.00-$125.00,,,
46,"TUTOR LITERACY ES - FULL TIME, PART TIME AVAILABLE",WEST VIEW ELEMENTARY,CLASSIFIED,TUTOR LITERACY,06/26/2023,04/30/2024,JOB DESCRIPTION,,$125.00-$125.00,,,
47,"TUTOR LITERACY ES - FULL TIME, PART TIME AVAILABLE",NORTHSHORE ELEMENTARY,CLASSIFIED,TUTOR LITERACY,06/26/2023,04/30/2024,JOB DESCRIPTION,,$125.00-$125.00,,,
48,TCHR SPECIAL ED HS 23/24SY,HALLS HIGH,CERTIFIED,TEACHER HS SPECIAL ED,07/03/2023,09/30/2023,JOB DESCRIPTION,"$44,800.00",,,,
49,FOOD SERVICE MANAGER TRAINEE,CHILD NUTRITION,CLASSIFIED,FOOD SERVICE MANAGER,07/01/2023,12/31/9999,,"$30,387.84",,,,
50,FOOD SERVICE SITE MANAGER TRAINEE,CHILD NUTRITION,CLASSIFIED,FOOD SERVICE MANAGER,07/03/2023,05/24/2024,,"$30,387.84",,,,
51,TCHR SPECIAL ED MS 23/24SY,SOUTH DOYLE MIDDLE,CERTIFIED,TEACHER MS SPECIAL ED,07/03/2023,09/30/2023,JOB DESCRIPTION,"$44,800.00",,,,
52,TENNIS COACH / EXTRA / FARRAGUT HIGH SCHOOL,FARRAGUT HIGH,CLASSIFIED,ATH COACH TENNIS HEAD,06/29/2023,11/29/2023,,,,,,
53,TCHR SPED MS 23/24SY,GRESHAM MIDDLE,CERTIFIED,TEACHER MS SPECIAL ED,07/03/2023,09/30/2023,JOB DESCRIPTION,"$44,800.00",,,,
54,TCHR SPED ES 23/24SY,ROCKY HILL ELEMENTARY,CERTIFIED,TEACHER ES SPECIAL ED,07/03/2023,09/30/2023,JOB DESCRIPTION,"$44,800.00",,,,
55,TCHR ARCHT & ENG DES 23/24SY,POWELL HIGH,CERTIFIED,TEACHER HS CTE,07/05/2023,09/30/2023,JOB DESCRIPTION,"$44,800.00",,,,
56,TCHR SPED(CDC PRE-K) INTERIM 23/24SY,HALLS ELEMENTARY,CERTIFIED,TEACHER PRE-K SPED,07/05/2023,09/30/2023,JOB DESCRIPTION,"$44,800.00",,,,
57,EDUC ASSIST CDC-A HS 23/24SY,FULTON HIGH,CLASSIFIED,EDUCATIONAL ASSISTANT SPED HS,07/06/2023,09/30/2023,JOB DESCRIPTION,"$22,308.00",,,,
58,TCHR SPED ES 23/24SY,INSKIP ELEMENTARY,CERTIFIED,TEACHER ES SPECIAL ED,07/10/2023,09/30/2023,JOB DESCRIPTION,"$44,800.00",,,,
59,TCHR SPED CDC-A MS 23/24SY,BEARDEN MIDDLE,CERTIFIED,TEACHER MS SPECIAL ED,07/11/2023,09/30/2023,JOB DESCRIPTION,"$44,800.00",,,,
60,COACH LITERACY 23/24SY,AUSTIN EAST HIGH,CERTIFIED,COACH LITERACY SECONDARY,07/11/2023,09/30/2023,JOB DESCRIPTION,"$45,920.00",,,,
61,TCHR SPECIAL ED HS 23/24SY,KARNS HIGH,CERTIFIED,TEACHER HS SPECIAL ED,07/12/2023,09/30/2023,JOB DESCRIPTION,"$44,800.00",,,,
62,PSYCHOLOGY DIAGNOSTICIAN 23/24SY,SYSTEMWIDE,CERTIFIED,PSYCHOLOGIST,07/12/2023,09/30/2023,JOB DESCRIPTION,"$44,800.00",,,,
63,EDUC ASSIST POS BHVR 23/24SY,OFFICE OF SCHOOL CULTURE,CLASSIFIED,EA SYSTEMWIDE,07/12/2023,09/30/2023,JOB DESCRIPTION,"$26,439.00",,,,
64,FAMILY/COMM LIAISON (RUSSIAN-UKRAINIAN) 23/24SY,ENGLISH LANGUAGE LEARNERS,CLASSIFIED,INTERPRETER CLASSIFIED,07/14/2023,09/30/2023,JOB DESCRIPTION,"$27,778.15",,,,
65,TCHR ELL SUPPLY THROUGH 12/20/23,NORTHWEST MIDDLE,CERTIFIED,TEACHER ENGLISH LANG LEARNERS,07/14/2023,12/20/2023,JOB DESCRIPTION,"$44,800.00",,,,
66,EDUC ASSIST CDC HS 23/24SY,FULTON HIGH,CLASSIFIED,EDUCATIONAL ASSISTANT SPED HS,07/14/2023,09/30/2023,JOB DESCRIPTION,"$22,308.00",,,,
67,SECRETARY ADMIN 23/24SY (BILINGUAL PREFERRED),STRATEGY DIVISION,CLASSIFIED,ADMINISTRATIVE SECRETARY,07/17/2023,09/30/2023,JOB DESCRIPTION,"$30,322.00",,,,
68,ASSISTANT BOYS BASKETBALL COACH / HARDIN VALLEY MIDDLE SCHOOL,HARDIN VALLEY MIDDLE,CLASSIFIED,ATH COACH BASKETBALL MIDDLE,07/17/2023,11/29/2023,,,,,,
69,ASSISTANT FOOTBALL COACH / WEST HIGH SCHOOL,WEST HIGH,CLASSIFIED,ATH COACH FOOTBALL ASSISTANT,07/27/2022,11/29/2023,,,,,,
70,BUS AIDE (TIME CARD),HARDIN VALLEY MIDDLE,CLASSIFIED,,08/13/2018,12/31/9999,job description,,,,,
71,EDUC ASSIST CDC-A MS SUPPLY 8/10/23 THROUGH 10/6/23,SOUTH DOYLE MIDDLE,CLASSIFIED,EDUCATIONAL ASSISTANT SPED MS,07/17/2023,10/06/2023,JOB DESCRIPTION,,"$21,192.60-$21,192.60",,,
72,TCHR KINDERGARTEN SUPPLY THROUGH 10/26/23,WEST VIEW ELEMENTARY,CERTIFIED,TEACHER KINDERGARTEN,07/17/2023,10/26/2023,JOB DESCRIPTION,,"$36,100.00-$36,100.00",,,
73,EDUC ASSIST SPED HS 23/24SY,WEST HIGH,CLASSIFIED,EDUCATIONAL ASSISTANT SPED HS,07/17/2023,09/30/2023,JOB DESCRIPTION,"$22,308.00",,,,
74,EDUC ASSIST TITLE I 23/24SY,FAIR GARDEN,CLASSIFIED,EDUCATIONAL ASSISTANT ES,07/18/2023,09/30/2023,JOB DESCRIPTION,"$22,308.00",,,,
75,TCHR SPED HS 23/24SY,CARTER HIGH,CERTIFIED,TEACHER HS SPECIAL ED,07/18/2023,09/30/2023,JOB DESCRIPTION,"$44,800.00",,,,
76,EDUC ASSIST CDC ES 23/24SY,NORWOOD ELEMENTARY,CLASSIFIED,EDUCATIONAL ASSISTANT SPED ES,07/18/2023,09/30/2023,JOB DESCRIPTION,"$22,308.00",,,,
77,TCHR SPED MS 23/24SY,HALLS MIDDLE,CERTIFIED,TEACHER MS SPECIAL ED,07/19/2023,09/30/2023,JOB DESCRIPTION,"$44,800.00",,,,
78,LIAISON BEHAVIOR (PART-TIME) 23/24SY,SPECIAL EDUCATION,CLASSIFIED,LIAISON,07/19/2023,09/30/2023,JOB DESCRIPTION,"$44,800.00",,,,
79,EDUC ASSIST SPED HS 23/24SY,HARDIN VALLEY ACADEMY,CLASSIFIED,EDUCATIONAL ASSISTANT SPED HS,07/20/2023,09/30/2023,JOB DESCRIPTION,"$22,308.00",,,,
80,TCHR SPED CDC ES 23/24SY,NORTHSHORE ELEMENTARY,CERTIFIED,TEACHER ES SPECIAL ED,07/20/2023,09/30/2023,JOB DESCRIPTION,"$44,800.00",,,,
81,EDUC ASSIST TITLE 1 23/24SY,MOORELAND HEIGHTS ELEMENTARY,CLASSIFIED,EDUCATIONAL ASSISTANT ES,07/20/2023,09/30/2023,JOB DESCRIPTION,"$22,308.00",,,,
82,TCHR SPANISH HS 23/24SY,CAREER MAGNET ACADEMY,CERTIFIED,TEACHER HS,07/20/2023,09/30/2023,JOB DESCRIPTION,"$44,800.00",,,,
83,EDUC ASSIST PK 23/24SY,LONSDALE ELEMENTARY,CLASSIFIED,EDUCATIONAL ASSISTANT ES,07/20/2023,09/30/2023,JOB DESCRIPTION,"$22,308.00",,,,
84,SECRETARY SCHOOL SUPPLY THROUGH 10/6/23,SOUTH DOYLE MIDDLE,CLASSIFIED,SCHOOL CLERICAL,07/20/2023,10/06/2023,JOB DESCRIPTION,,"$23,560.00-$23,560.00",,,
85,TCHR MATH HS SUPPLY THROUGH 12/20/23,HARDIN VALLEY ACADEMY,CERTIFIED,TEACHER HS MATHEMATICS,07/21/2023,12/20/2023,JOB DESCRIPTION,"$44,800.00",,,,
86,ASSISTANT FOOTBALL COACH / CENTRAL HIGH SCHOOL,CENTRAL HIGH,CLASSIFIED,ATH COACH FOOTBALL ASSISTANT,07/21/2023,11/29/2023,,,,,,
87,ASSISTANT GIRLS TRACK COACH / AUSTIN EAST HIGH SCHOOL,AUSTIN EAST HIGH,CLASSIFIED,ATH COACH TRACK ASSISTANT,07/21/2023,11/29/2023,,,,,,
88,EDUC ASSIST SATL SP 23/24SY,RIDGEDALE ALTERNATIVE,CLASSIFIED,EDUCATIONAL ASSISTANT ALT SPD,07/21/2023,09/30/2023,JOB DESCRIPTION,"$26,439.00",,,,
89,CROSS COUNTRY COACH / AUSTIN EAST HIGH SCHOOL,AUSTIN EAST HIGH,CLASSIFIED,ATH COACH CROSS COUNTRY,07/21/2023,11/29/2023,,,,,,
90,PERMANENT SUB II 23/24SY,WEST HAVEN ELEMENTARY,CLASSIFIED,SUBSTITUTE PERMANENT II,07/21/2023,09/30/2023,JOB DESCRIPTION,,,,,
91,EDUC ASSIST CDC-A HS 23/24SY,FARRAGUT HIGH,CLASSIFIED,EDUCATIONAL ASSISTANT SPED HS,07/21/2023,09/30/2023,JOB DESCRIPTION,"$22,308.00",,,,
92,EDUC ASSIST SPED ES 23/24SY,ROCKY HILL ELEMENTARY,CLASSIFIED,EDUCATIONAL ASSISTANT SPED ES,07/24/2023,09/30/2023,JOB DESCRIPTION,"$22,308.00",,,,
93,EDUC ASSIST SPED ES 23/24SY,NORWOOD ELEMENTARY,CLASSIFIED,EDUCATIONAL ASSISTANT SPED ES,07/25/2023,09/30/2023,JOB DESCRIPTION,"$22,308.00",,,,
94,TCHR SPECIAL ED MS 23/24SY,POWELL MIDDLE,CERTIFIED,TEACHER MS SPECIAL ED,07/25/2023,09/30/2023,JOB DESCRIPTION,"$44,800.00",,,,
95,TCHR SPECIAL ED ES 23/24SY,BEAUMONT MAGNET,CERTIFIED,TEACHER ES SPECIAL ED,07/25/2023,09/30/2023,JOB DESCRIPTION,"$44,800.00",,,,
96,PSYCHOLOGIST 23/24SY,STUDENT SUPPORT SERVICES,CERTIFIED,PSYCHOLOGIST,07/26/2023,09/30/2023,JOB DESCRIPTION,"$47,264.00",,,,
97,ASSISTANT BASEBALL COACH / EXTRA / HALLS HIGH SCHOOL,HALLS HIGH,CLASSIFIED,ATH COACH BASEBALL ASSISTANT,07/26/2023,11/29/2023,,,,,,
98,EDUC ASSIST CDC HS 23/24SY,SOUTH DOYLE HIGH,CLASSIFIED,EDUCATIONAL ASSISTANT SPED HS,07/27/2023,09/30/2023,JOB DESCRIPTION,"$22,308.00",,,,
99,PSYCHOLOGIST 23/24SY,SYSTEMWIDE,CERTIFIED,PSYCHOLOGIST,07/27/2023,09/30/2023,JOB DESCRIPTION,"$47,264.00",,,,
100,TCHR SPED MS 23/24SY,HARDIN VALLEY MIDDLE,CERTIFIED,TEACHER MS SPECIAL ED,07/27/2023,09/30/2023,JOB DESCRIPTION,"$44,800.00",,,,
101,EDUC ASSIST ES 23/24SY,MOORELAND HEIGHTS ELEMENTARY,CLASSIFIED,EDUCATIONAL ASSISTANT ES,07/27/2023,09/30/2023,JOB DESCRIPTION,"$22,308.00",,,,
102,TCHR 2ND GRADE SUPPLY THROUGH 11/16/23,WEST VIEW ELEMENTARY,CERTIFIED,TEACHER 2ND GRADE,07/27/2023,11/16/2023,JOB DESCRIPTION,,"$36,100.00-$36,100.00",,,
103,EDUC ASSIST CDC-A HS 23/24SY,HALLS HIGH,CLASSIFIED,EDUCATIONAL ASSISTANT SPED HS,07/28/2023,09/30/2023,JOB DESCRIPTION,"$22,308.00",,,,
104,TCHR SPED ES 23/24SY,PLEASANT RIDGE ELEMENTARY,CERTIFIED,TEACHER ES SPECIAL ED,07/28/2023,09/30/2023,JOB DESCRIPTION,"$44,800.00",,,,
105,COLL & CAREER COUNSELOR 23/24SY,CARTER MIDDLE,CERTIFIED,COUNSELOR COLLEGE AND CAREER,07/28/2023,09/30/2023,JOB DESCRIPTION,"$44,800.00",,,,
106,TCHR SPED ES 23/24SY,KARNS ELEMENTARY,CERTIFIED,TEACHER ES SPECIAL ED,07/28/2023,09/30/2023,JOB DESCRIPTION,"$44,800.00",,,,
107,ASSISTANT BOYS SOCCER COACH / AUSTIN EAST HIGH SCHOOL,AUSTIN EAST HIGH,CLASSIFIED,ATH COACH SOCCER ASSISTANT,07/29/2023,11/29/2023,,,,,,
108,TCHR FOREIGN LANG HS (SPANISH) 23/24SY,HALLS HIGH,CERTIFIED,TEACHER HS WORLD LANGUAGES,07/31/2023,09/30/2023,JOB DESCRIPTION,"$44,800.00",,,,
109,EDUC ASSIST CDC-A ES 23/24SY,ROCKY HILL ELEMENTARY,CLASSIFIED,EDUCATIONAL ASSISTANT SPED ES,07/31/2023,09/30/2023,JOB DESCRIPTION,"$22,308.00",,,,
110,EDUC ASSIST SPED HS 23/24SY,WEST HIGH,CLASSIFIED,EDUCATIONAL ASSISTANT SPED HS,07/31/2023,09/30/2023,JOB DESCRIPTION,"$22,308.00",,,,
111,EDUC ASSIST PAC ES 23/24SY,MOORELAND HEIGHTS ELEMENTARY,CLASSIFIED,EDUCATIONAL ASSISTANT ES,07/31/2023,09/30/2023,JOB DESCRIPTION,"$22,308.00",,,,
112,EDUC ASSIST CDC-A ES 23/24SY,INSKIP ELEMENTARY,CLASSIFIED,EDUCATIONAL ASSISTANT SPED ES,08/01/2023,09/30/2023,JOB DESCRIPTION,"$22,308.00",,,,
113,"TUTOR LITERACY ES - FULL TIME, PART TIME AVAILABLE",KNOX COUNTY VIRTUAL SCHOOL,CLASSIFIED,TUTOR LITERACY,08/01/2023,04/30/2024,JOB DESCRIPTION,$125.00,,,,
114,EDUC ASSIST CDC-A ES 23/24SY,BRICKEY-MCCLOUD ELEMENTARY,CLASSIFIED,EDUCATIONAL ASSISTANT SPED ES,08/01/2023,09/30/2023,JOB DESCRIPTION,"$22,308.00",,,,
115,HEAD TENNIS COACH / FULTON HIGH SCHOOL,FULTON HIGH,CLASSIFIED,ATH COACH TENNIS HEAD,08/01/2023,11/29/2023,,,,,,
116,EDUC ASSIST CDC ES 23/24SY,ROCKY HILL ELEMENTARY,CLASSIFIED,EDUCATIONAL ASSISTANT SPED ES,08/02/2023,09/30/2023,JOB DESCRIPTION,"$22,308.00",,,,
117,EDUC ASSIST CDC MS 23/24SY,SOUTH DOYLE MIDDLE,CLASSIFIED,EDUCATIONAL ASSISTANT SPED MS,08/02/2023,09/30/2023,JOB DESCRIPTION,"$22,308.00",,,,
118,CLUB SPORT / ASSISTANT SWIM AND DIVE COACH / WEST HIGH SCHOOL,WEST HIGH,CLASSIFIED,ATH COACH CLUB SPORTS,08/03/2023,11/29/2023,,,,,,
119,COLL & CAREER COUNSELOR 23/24SY,FARRAGUT MIDDLE,CERTIFIED,COUNSELOR COLLEGE AND CAREER,08/03/2023,09/30/2023,JOB DESCRIPTION,"$44,800.00",,,,
120,RESTORATIVE ASSTISTANT (PART-TIME) 23/24SY,RIDGEDALE ALTERNATIVE,CLASSIFIED,EDUCATIONAL ASSISTANT HS,08/03/2023,09/30/2023,JOB DESCRIPTION,"$26,439.00",,,,
121,EDUC ASSIST SPED MS 23/24SY,BEARDEN MIDDLE,CLASSIFIED,EDUCATIONAL ASSISTANT SPED MS,08/03/2023,09/30/2023,JOB DESCRIPTION,"$22,308.00",,,,
122,PERMANENT SUB II 23/24SY,BEAUMONT MAGNET,CLASSIFIED,SUBSTITUTE PERMANENT II,08/03/2023,09/30/2023,JOB DESCRIPTION,,,,,
123,EDUC ASSIST PAC ES 23/24SY,BEAUMONT MAGNET,CLASSIFIED,EDUCATIONAL ASSISTANT ES,08/03/2023,10/31/2023,JOB DESCRIPTION,"$22,308.00",,,,
124,EA SUPPLY DEPOT (PART-TIME) 23/24SY,PUBLIC AFFAIRS,CLASSIFIED,EA SYSTEMWIDE,08/04/2023,09/30/2023,JOB DESCRIPTION,"$24,040.50",,,,
125,CLUB SPORT / ASSISTANT BOYS LACROSSE COACH / WEST HIGH SCHOOL,WEST HIGH,CLASSIFIED,ATH COACH CLUB SPORTS,08/04/2023,11/29/2023,,,,,,
126,CLUB SPORT / ASSISTANT BOYS LACROSSE COACH / WEST HIGH SCHOOL,WEST HIGH,CLASSIFIED,ATH COACH CLUB SPORTS,08/04/2023,11/29/2023,,,,,,
127,CLUB SPORT / ASSISTANT BOYS LACROSSE COACH / WEST HIGH SCHOOL,WEST HIGH,,ATH COACH CLUB SPORTS,08/04/2023,11/29/2023,,,,,,
128,COORDINATOR TESTING 23/24SY,AUSTIN EAST HIGH,CERTIFIED,COORDINATOR,08/04/2023,09/30/2023,,"$44,800.00",,,,
129,PERMANENT SUB II 23/24SY,PLEASANT RIDGE ELEMENTARY,CLASSIFIED,SUBSTITUTE PERMANENT II,08/07/2023,09/30/2023,JOB DESCRIPTION,,,,,
130,TCHR SPED ES 23/24SY,INSKIP ELEMENTARY,CERTIFIED,TEACHER ES SPECIAL ED,08/08/2023,09/30/2023,JOB DESCRIPTION,"$44,800.00",,,,
131,EDUC ASSIST SPED ES 23/24SY,SHANNONDALE ELEMENTARY,CLASSIFIED,EDUCATIONAL ASSISTANT SPED ES,08/08/2023,09/30/2023,JOB DESCRIPTION,"$22,308.00",,,,
132,ASSISTANT BOYS BASKETBALL COACH / EXTRA / CEDAR BLUFF MIDDLE SCHOOL,CEDAR BLUFF MIDDLE,CLASSIFIED,ATH COACH BASKETBALL MIDDLE,08/09/2023,11/29/2023,,,,,,
133,CLUB SPORT / ASSISTANT BOYS LACROSSE COACH / WEST HIGH SCHOOL,WEST HIGH,CLASSIFIED,ATH COACH CLUB SPORTS,08/09/2023,11/29/2023,,,,,,
134,ASSISTANT SOFTBALL COACH / EXTRA / CENTRAL HIGH SCHOOL,CENTRAL HIGH,CLASSIFIED,ATH COACH SOFTBALL ASSISTANT,08/09/2023,11/29/2023,,,,,,
135,EDUC ASSIST SATL SP 23/24SY,KNOXVILLE ADAPTIVE ED CENTER,CLASSIFIED,EDUCATIONAL ASSISTANT ALT SPD,08/09/2023,09/30/2023,JOB DESCRIPTION,"$26,439.00",,,,
136,TCHR 1ST GRADE SUPPLY 10/30/23 THROUGH 2/13/24,NORWOOD ELEMENTARY,CERTIFIED,TEACHER 1ST GRADE,08/11/2023,09/30/2023,JOB DESCRIPTION,,"$36,100.00-$36,100.00",,,
137,EDUC ASSIST SPED HS 23/24SY,AUSTIN EAST HIGH,CLASSIFIED,EDUCATIONAL ASSISTANT SPED HS,08/14/2023,09/30/2023,JOB DESCRIPTION,"$22,308.00",,,,
138,TCHR MATH HS 23/24SY,FULTON HIGH,CERTIFIED,TEACHER HS MATHEMATICS,08/15/2023,09/30/2023,JOB DESCRIPTION,"$44,800.00",,,,
139,EDUC ASSIST CDC ES 23/24SY,SPRING HILL,CLASSIFIED,EDUCATIONAL ASSISTANT SPED ES,08/15/2023,09/30/2023,JOB DESCRIPTION,"$22,308.00",,,,
140,CLUB SPORT / DANCE COACH / AUSTIN EAST HIGH SCHOOL,AUSTIN EAST HIGH,CLASSIFIED,ATH COACH CLUB SPORTS,08/15/2023,11/29/2023,,,,,,
141,CLUB SPORT / DANCE COACH / AUSTIN EAST HIGH SCHOOL,AUSTIN EAST HIGH,CLASSIFIED,ATH COACH CLUB SPORTS,08/15/2023,11/29/2023,,,,,,
142,EDUC ASSIST CDC-A HS 23/24SY,CENTRAL HIGH,CLASSIFIED,EDUCATIONAL ASSISTANT SPED HS,08/17/2023,09/30/2023,JOB DESCRIPTION,"$22,308.00",,,,
143,TCHR PRESCHOOL TITLE SUPPLY THROUGH 11/1/23,FAIR GARDEN,CERTIFIED,TEACHER PRE-K,08/21/2023,11/01/2023,JOB DESCRIPTION,,"$36,100.00-$36,100.00",,,
144,EDUC ASSIST PK 23/24SY,FORT SANDERS EDU DEVELOP CENT,CLASSIFIED,EDUCATIONAL ASSISTANT PK,08/21/2023,09/30/2023,JOB DESCRIPTION,"$22,308.00",,,,
145,TCHR ACADEMIC INT MS 23/24SY,WHITTLE SPRINGS MIDDLE,CERTIFIED,TEACHER INTERVENTION,08/21/2023,09/30/2023,JOB DESCRIPTION,"$44,800.00",,,,
146,EDUC ASSIST ES 23/24SY,GIBBS ELEMENTARY,CLASSIFIED,EDUCATIONAL ASSISTANT ES,08/21/2023,09/30/2023,JOB DESCRIPTION,"$22,308.00",,,,
147,EDUC ASSIST RESRC HS 23/24SY,KARNS HIGH,CLASSIFIED,EDUCATIONAL ASSISTANT HS,08/21/2023,09/30/2023,JOB DESCRIPTION,"$22,308.00",,,,
148,EDUC ASSIST CDC-A HS 23/24SY,AUSTIN EAST HIGH,CLASSIFIED,EDUCATIONAL ASSISTANT SPED HS,08/23/2023,09/30/2023,JOB DESCRIPTION,"$22,308.00",,,,
149,TCHR SPED ES 23/24SY,BRICKEY-MCCLOUD ELEMENTARY,CERTIFIED,TEACHER ES SPECIAL ED,08/23/2023,09/30/2023,JOB DESCRIPTION,"$44,800.00",,,,
150,EDUC ASSIST CDC HS 23/24SY,AUSTIN EAST HIGH,CLASSIFIED,EDUCATIONAL ASSISTANT SPED HS,08/23/2023,09/30/2023,JOB DESCRIPTION,"$22,308.00",,,,
151,TCHR 4TH GRADE SUPPLY 11/8/23 THROUGH 2/2/24,PLEASANT RIDGE ELEMENTARY,CERTIFIED,TEACHER 4TH GRADE,08/23/2023,12/20/2023,JOB DESCRIPTION,,"$36,100.00-$36,100.00",,,
152,ASSISTANT BASEBALL COACH / EXTRA / FULTON HIGH SCHOOL,FULTON HIGH,CLASSIFIED,ATH COACH BASEBALL ASSISTANT,08/23/2023,11/29/2023,,,,,,
153,TCHR KINDERGARTEN SUPPLY 11/17/23 THROUGH 3/18/24,KARNS ELEMENTARY,CERTIFIED,TEACHER KINDERGARTEN,08/23/2023,09/30/2023,JOB DESCRIPTION,,"$36,100.00-$36,100.00",,,
154,TCHR SPED PRE-SCHOOL 23/24SY,COPPER RIDGE ELEMENTARY,CERTIFIED,TEACHER PRE-K SPED,08/23/2023,09/30/2023,JOB DESCRIPTION,"$44,800.00",,,,
155,ASSISTANT SOFTBALL COACH / EXTRA / BEARDEN HIGH SCHOOL,BEARDEN HIGH,CLASSIFIED,ATH COACH SOFTBALL ASSISTANT,08/24/2023,11/29/2023,,,,,,
156,EDUC ASSIST SPED ES 23/24SY,WEST HILLS ELEMENTARY,CLASSIFIED,EDUCATIONAL ASSISTANT SPED ES,08/24/2023,09/30/2023,JOB DESCRIPTION,"$22,308.00",,,,
157,EDUC ASSIST CDC-A HS 23/24SY,CENTRAL HIGH,CLASSIFIED,EDUCATIONAL ASSISTANT SPED HS,08/24/2023,09/30/2023,JOB DESCRIPTION,"$22,308.00",,,,
158,EDUC ASSIST SPED HS 23/24SY,BEARDEN HIGH,CLASSIFIED,EDUCATIONAL ASSISTANT SPED HS,08/24/2023,09/30/2023,JOB DESCRIPTION,"$22,308.00",,,,
159,EDUC ASSIST PK 23/24SY,FORT SANDERS EDU DEVELOP CENT,CLASSIFIED,EDUCATIONAL ASSISTANT PK,08/25/2023,09/30/2023,JOB DESCRIPTION,"$22,308.00",,,,
160,JV HEAD COACH BOYS BASKETBALL / WEST HIGH SCHOOL,WEST HIGH,CLASSIFIED,ATH COACH BASKETBALL B-TEAM,08/25/2023,11/29/2023,,,,,,
161,TCHR SPED MS 23/24SY,VINE MIDDLE,CERTIFIED,TEACHER MS SPECIAL ED,08/25/2023,09/30/2023,JOB DESCRIPTION,"$44,800.00",,,,
162,EDUC ASSIST ES 23/24SY,SEQUOYAH ELEMENTARY,CLASSIFIED,EDUCATIONAL ASSISTANT ES,08/29/2023,09/30/2023,JOB DESCRIPTION,"$22,308.00",,,,
163,ASSISTANT FOOTBALL COACH / EXTRA / FARRAGUT HIGH SCHOOL,FARRAGUT HIGH,CLASSIFIED,ATH COACH FOOTBALL ASSISTANT,08/29/2023,11/29/2023,,,,,,
164,TCHR SOC STUDIES HS INTERIM 1/3/24 THROUGH 5/24/24,FARRAGUT HIGH,CERTIFIED,TEACHER HS SOCIAL STUDIES,08/30/2023,09/30/2023,JOB DESCRIPTION,"$44,800.00",,,,
165,TCHR SPED ES SATL 23/24SY,NORTHSHORE ELEMENTARY,CERTIFIED,TEACHER ES SPECIAL ED,08/30/2023,09/30/2023,JOB DESCRIPTION,"$44,800.00",,,,
166,ASSISTANT BASEBALL COACH / EXTRA / HALLS HIGH SCHOOL,HALLS HIGH,CLASSIFIED,ATH COACH BASEBALL ASSISTANT,08/30/2023,11/29/2023,,,,,,
167,INSTRUCTOR ROTC 23/24SY,FULTON HIGH,CERTIFIED,TEACHER ROTC,08/30/2023,09/30/2023,JOB DESCRIPTION,"$40,000.00",,,,
168,EDUC ASSIST SPED ES 23/24SY,CEDAR BLUFF ELEMENTARY,CLASSIFIED,EDUCATIONAL ASSISTANT SPED ES,08/30/2023,09/30/2023,JOB DESCRIPTION,"$22,308.00",,,,
169,GIRLS TRACK COACH / POWELL MIDDLE SCHOOL,POWELL MIDDLE,CLASSIFIED,ATH COACH TRACK MIDDLE SCHOOL,08/30/2023,11/29/2023,,,,,,
170,EDUC ASSIST SPED ES 23/24SY,FARRAGUT INTERMEDIATE,CLASSIFIED,EDUCATIONAL ASSISTANT SPED ES,09/01/2023,09/30/2023,JOB DESCRIPTION,"$22,308.00",,,,
171,ASSISTANT BOYS BASKETBALL COACH / EXTRA / FARRAGUT MIDDLE SCHOOL,FARRAGUT MIDDLE,CLASSIFIED,ATH COACH BASKETBALL MIDDLE,09/05/2023,11/29/2023,,,,,,
172,ASSISTANT GIRLS SOFTBALL COACH / EXTRA / WEST HIGH SCHOOL,WEST HIGH,CLASSIFIED,ATH COACH SOFTBALL ASSISTANT,09/05/2023,11/29/2023,,,,,,
173,ASSISTANT GIRLS BASKETBALL COACH / EXTRA / HARDIN VALLEY MIDDLE SCHOOL,HARDIN VALLEY MIDDLE,CLASSIFIED,ATH COACH BASKETBALL MIDDLE,09/06/2023,11/29/2023,,,,,,
174,ASSISTANT CHEER COACH / EXTRA / HARDIN VALLEY MIDDLE SCHOOL,HARDIN VALLEY MIDDLE,CLASSIFIED,ATH COACH CHEERLEADER MIDDLE,09/06/2023,11/29/2023,,,,,,
175,TCHR SPECIAL EDUC 23/24SY,RICHARD YOAKLEY SCHOOL,CERTIFIED,TEACHER HS SPECIAL ED,09/06/2023,09/30/2023,JOB DESCRIPTION,"$44,800.00",,,,
176,EDUC ASSIST SATL SP 23/24SY,RIDGEDALE ALTERNATIVE,CLASSIFIED,EDUCATIONAL ASSISTANT ALT SPD,09/06/2023,09/30/2023,JOB DESCRIPTION,"$26,439.00",,,,
177,EDUC ASSIST KIND INT 23/24SY,WEST VIEW ELEMENTARY,CLASSIFIED,EDUCATIONAL ASSISTANT ES,09/06/2023,09/30/2023,JOB DESCRIPTION,"$22,308.00",,,,
178,EDUC ASSIST SPED PK 23/24SY,BRICKEY-MCCLOUD ELEMENTARY,CLASSIFIED,EDUCATIONAL ASSISTANT SPED PK,09/06/2023,09/30/2023,JOB DESCRIPTION,"$22,308.00",,,,
179,EDUC ASSIST SPED PK 23/24SY,BRICKEY-MCCLOUD ELEMENTARY,CLASSIFIED,EDUCATIONAL ASSISTANT SPED PK,09/06/2023,09/30/2023,JOB DESCRIPTION,"$22,308.00",,,,
180,ASSISTANT CHEER COACH / EXTRA / FARRAGUT MIDDLE SCHOOL,FARRAGUT MIDDLE,CLASSIFIED,ATH COACH CHEERLEADER MIDDLE,09/07/2023,11/29/2023,,,,,,
181,TCHR SCIENCE 6 23/24SY,VINE MIDDLE,CERTIFIED,TEACHER 6TH GRADE SCIENCE,09/08/2023,09/30/2023,JOB DESCRIPTION,"$44,800.00",,,,
182,GENERALIST - ASSESSMENT 23/24SY,ACCOUNTABILITY,CLASSIFIED,GENERALIST,09/08/2023,09/30/2023,JOB DESCRIPTION,"$39,535.00",,,,
183,COACH TRANSITION 23/24SY,SPECIAL EDUCATION,CLASSIFIED,COACH SPECIAL EDUCATION,09/08/2023,09/30/2023,JOB DESCRIPTION,,,"$40,000.00-$40,000.00",,
184,THERAP LIC MNTL HLTH 23/24SY,OFFICE OF SCHOOL CULTURE,CLASSIFIED,MENTAL HEALTH WORKER,09/08/2023,09/30/2023,JOB DESCRIPTION,"$43,671.00",,,,
185,THERAP LIC MNTL HLTH 23/24SY,OFFICE OF SCHOOL CULTURE,CLASSIFIED,MENTAL HEALTH WORKER,09/08/2023,09/30/2023,JOB DESCRIPTION,"$43,671.00",,,,
186,CLUB SPORT / ASSISTANT GIRLS LACROSSE COACH / WEST HIGH SCHOOL,WEST HIGH,CLASSIFIED,ATH COACH CLUB SPORTS,09/11/2023,11/29/2023,,,,,,
187,EDUC ASSIST SPED ES 23/24SY,BLUE GRASS ELEMENTARY,CLASSIFIED,EDUCATIONAL ASSISTANT SPED ES,09/11/2023,09/30/2023,JOB DESCRIPTION,"$22,308.00",,,,
188,EDUC ASSIST SPED HS 23/24SY,KARNS HIGH,CLASSIFIED,EDUCATIONAL ASSISTANT SPED HS,09/11/2023,09/30/2023,JOB DESCRIPTION,"$22,308.00",,,,
189,EDUC ASSIST SPED ES 23/24SY,INSKIP ELEMENTARY,CLASSIFIED,EDUCATIONAL ASSISTANT SPED ES,09/11/2023,09/30/2023,JOB DESCRIPTION,"$22,308.00",,,,
190,EDUC ASSIST SPED ES 23/24SY,NORWOOD ELEMENTARY,CLASSIFIED,EDUCATIONAL ASSISTANT SPED ES,09/11/2023,09/30/2023,JOB DESCRIPTION,"$22,308.00",,,,
191,EDUC ASSIST SPED ES 23/24SY,AL LOTTS ELEMENTARY,CLASSIFIED,EDUCATIONAL ASSISTANT SPED ES,09/11/2023,09/30/2023,JOB DESCRIPTION,"$22,308.00",,,,
192,EDUC ASSIST SPED ES 23/24SY,SEQUOYAH ELEMENTARY,CLASSIFIED,EDUCATIONAL ASSISTANT SPED ES,09/11/2023,09/30/2023,JOB DESCRIPTION,"$22,308.00",,,,
193,EDUC ASSIST SPED ES 23/24SY,SARAH MOORE GREENE MAGNET,CLASSIFIED,EDUCATIONAL ASSISTANT SPED ES,09/11/2023,09/30/2023,JOB DESCRIPTION,"$22,308.00",,,,
194,MAINT TRUCK DRIVER,MAINTENANCE,CLASSIFIED,MAINTENANCE - DRIVER,09/12/2023,09/30/2023,JOB DESCRIPTION,,,,$15.51-$24.02,
195,OFFICER STUDENT SUCCESS ADVISEMENT & IMPROVEMENT,OFFICE OF THE SUPERINTENDENT,ADMINISTRATIVE/SUPERVISORY,SUPERVISOR,09/12/2023,10/14/2023,JOB DESCRIPTION,"$57,120.00",,,,
196,BOYS TRACK COACH / POWELL MIDDLE SCHOOL,POWELL MIDDLE,CLASSIFIED,,09/13/2023,11/29/2023,,,,,,
197,SECRETARY SCHOOL 23/24SY,BEARDEN HIGH,CLASSIFIED,SCHOOL CLERICAL,09/14/2023,09/30/2023,JOB DESCRIPTION,"$26,164.00",,,,
198,TCHR FOREIGN LANG HS (SPANISH) 23/24SY,AUSTIN EAST HIGH,CERTIFIED,TEACHER HS WORLD LANGUAGES,09/14/2023,09/30/2023,JOB DESCRIPTION,"$44,800.00",,,,
199,TCHR LANG ARTS HS 23/24SY (STARTING 2ND SEMESTER),KARNS HIGH,CERTIFIED,TEACHER HS ELA,09/14/2023,09/30/2023,JOB DESCRIPTION,"$44,800.00",,,,
200,EDUC ASSIST CDC HS 23/24SY,POWELL HIGH,CLASSIFIED,EDUCATIONAL ASSISTANT SPED HS,09/14/2023,09/30/2023,JOB DESCRIPTION,"$22,308.00",,,,
201,TCHR SPED ES 23/24SY (STARTING 2ND SEMESTER),FARRAGUT PRIMARY,CERTIFIED,TEACHER ES SPECIAL ED,09/14/2023,09/30/2023,JOB DESCRIPTION,"$44,800.00",,,,
202,HEAD BOYS TRACK COACH / FARRAGUT MIDDLE SCHOOL,FARRAGUT MIDDLE,CLASSIFIED,ATH COACH TRACK MIDDLE SCHOOL,09/14/2023,11/29/2023,,,,,,
203,TCHR LANG ARTS 6 23/24SY,VINE MIDDLE,CERTIFIED,TEACHER MS ENGLISH LANG ARTS,09/14/2023,09/30/2023,JOB DESCRIPTION,"$44,800.00",,,,
204,TCHR SCIENCE HS SUPPLY THROUGH 12/20/2023,FARRAGUT HIGH,CERTIFIED,TEACHER HS SCIENCE,09/14/2023,09/30/2023,JOB DESCRIPTION,"$36,100.00",,,,
205,EDUC ASSIST SPED ES 23/24SY (PART-TIME),HALLS ELEMENTARY,CLASSIFIED,EDUCATIONAL ASSISTANT ES,09/14/2023,09/30/2023,JOB DESCRIPTION,"$22,308.00",,,,
206,TCHR SOC STUDIES HS SUPPLY 10/16/23 THROUGH 11/21/23,POWELL HIGH,CERTIFIED,TEACHER HS SOCIAL STUDIES,09/15/2023,09/30/2023,JOB DESCRIPTION,"$36,100.00",,,,
207,TCHR ART MS 23/24SY,CEDAR BLUFF MIDDLE,CERTIFIED,TEACHER MS FINE ARTS,09/15/2023,09/30/2023,JOB DESCRIPTION,"$44,800.00",,,,
208,EDUC ASSIST CDC-A ES 23/24SY,CHRISTENBERRY ELEMENTARY,CLASSIFIED,EDUCATIONAL ASSISTANT SPED ES,09/15/2023,09/30/2023,JOB DESCRIPTION,"$22,308.00",,,,
209,ASSISTANT GIRLS LACROSSE COACH / WEST HIGH SCHOOL,WEST HIGH,CLASSIFIED,ATH COACH CLUB SPORTS,09/15/2023,11/29/2023,,,,,,
210,ASSISTANT GIRLS LACROSSE COACH / WEST HIGH SCHOOL,WEST HIGH,CLASSIFIED,ATH COACH CLUB SPORTS,09/15/2023,11/29/2023,,,,,,
211,EDUC ASSIST CDC-A MS 23/24SY,VINE MIDDLE,CLASSIFIED,EDUCATIONAL ASSISTANT SPED MS,09/15/2023,09/30/2023,JOB DESCRIPTION,"$22,308.00",,,,
212,EDUC ASSIST MS 23/24SY,VINE MIDDLE,CLASSIFIED,EDUCATIONAL ASSISTANT SPED MS,09/15/2023,09/30/2023,JOB DESCRIPTION,"$22,308.00",,,,
213,SECRETARY/BOOKKEEPER 23/24 SY,SUNNYVIEW,CLASSIFIED,SCHOOL CLERICAL,09/20/2023,10/31/2023,Job Description,"$27,404.00",,,,
214,TCHR 1ST GRADE,FOUNTAIN CITY ELEMENTARY,CERTIFIED,TEACHER 1ST GRADE,09/20/2023,10/31/2023,Job Description,"$44,800.00",,,,
215,TCHR KINDERGARTEN,AMHERST ELEMENTARY,CERTIFIED,TEACHER KINDERGARTEN,09/20/2023,10/31/2023,Job Description,"$44,800.00",,,,
216,TCHR 3RD GRADE,HARDIN VALLEY ELEMENTARY,CERTIFIED,TEACHER 3RD GRADE,09/20/2023,10/31/2023,Job Description,"$44,800.00",,,,
217,ASSISTANT GIRLS TRACK COACH / HARDIN VALLEY ACADEMY,HARDIN VALLEY ACADEMY,CLASSIFIED,ATH COACH TRACK ASSISTANT,09/21/2023,11/29/2023,,,,,,
218,HEAD BOYS TRACK COACH / FULTON HIGH SCHOOL,FULTON HIGH,CLASSIFIED,ATH COACH TRACK HEAD,09/21/2023,11/29/2023,,,,,,
219,HEAD GIRLS TRACK COACH / FULTON HIGH SCHOOL,FULTON HIGH,CLASSIFIED,ATH COACH TRACK HEAD,09/21/2023,11/29/2023,,,,,,
220,ASSISTANT GIRLS BASKETBALL COACH / EXTRA / BEARDEN MIDDLE SCHOOL,BEARDEN MIDDLE,CLASSIFIED,ATH COACH BASKETBALL MIDDLE,09/21/2023,11/29/2023,,,,,,
221,ASSISTANT GIRLS WRESTLING COACH / HALLS HIGH SCHOOL,HALLS HIGH,CLASSIFIED,ATH COACH WRESTLING ASSISTANT,09/21/2023,11/29/2023,,,,,,
222,EDUC ASSIST PAC ES 23/24SY,SUNNYVIEW,CLASSIFIED,EDUCATIONAL ASSISTANT ES,09/25/2023,10/31/2023,JOB DESCRIPTION,"$22,308.00",,,,
223,TCHR FOREIGN LANG HS (SPANISH) 23/24SY,CARTER HIGH,CERTIFIED,TEACHER HS WORLD LANGUAGES,09/25/2023,10/31/2023,JOB DESCRIPTION,"$44,800.00",,,,
224,TCHR HEALTH SCI HS 23/24SY,SOUTH DOYLE HIGH,CERTIFIED,TEACHER HS CTE,09/25/2023,10/31/2023,JOB DESCRIPTION,"$44,800.00",,,,
225,EDUC ASSIST ES 50% 23/24SY,BLUE GRASS ELEMENTARY,CLASSIFIED,EDUCATIONAL ASSISTANT ES,09/25/2023,10/31/2023,JOB DESCRIPTION,"$22,308.00",,,,
226,TCHR LANG ARTS HS 23/24SY,CENTRAL HIGH,CERTIFIED,TEACHER HS ELA,09/25/2023,10/31/2023,JOB DESCRIPTION,"$44,800.00",,,,
227,TCHR CRIM JUSTICE HS 23/24SY,FULTON HIGH,CERTIFIED,TEACHER HS CTE,09/25/2023,10/31/2023,JOB DESCRIPTION,"$44,800.00",,,,
228,TCHR SPED HS 23/24SY,FULTON HIGH,CERTIFIED,TEACHER HS SPECIAL ED,09/25/2023,10/31/2023,JOB DESCRIPTION,"$44,800.00",,,,
229,TCHR LANG ARTS HS 23/24SY,CARTER HIGH,CERTIFIED,TEACHER HS ELA,09/25/2023,10/31/2023,JOB DESCRIPTION,"$44,800.00",,,,
230,TCHR SP ED PRE-SCHOOL SUPPLY 10/22/23 THROUGH 12/20/23,FORT SANDERS EDU DEVELOP CENT,CERTIFIED,TEACHER PRE-K SPED,09/25/2023,10/31/2023,JOB DESCRIPTION,,"$36,100.00-$36,100.00",,,
231,TCHR 5TH GRADE SUPPLY 1/29/23 THROUGH 3/10/24,FARRAGUT INTERMEDIATE,CERTIFIED,TEACHER 5TH GRADE,09/25/2023,10/31/2023,JOB DESCRIPTION,,"$36,100.00-$36,100.00",,,
232,TCHR SPECIAL ED MS 23/24SY,GRESHAM MIDDLE,CERTIFIED,TEACHER MS SPECIAL ED,09/25/2023,10/31/2023,JOB DESCRIPTION,"$44,800.00",,,,
233,EDUC ASSIST CDC-A HS 23/24SY,BEARDEN HIGH,CLASSIFIED,EDUCATIONAL ASSISTANT SPED HS,09/25/2023,10/31/2023,JOB DESCRIPTION,"$22,308.00",,,,
234,EDUC ASSIST SATL SP 23/24SY,KNOXVILLE ADAPTIVE ED CENTER,CLASSIFIED,EDUCATIONAL ASSISTANT ALT SPD,09/25/2023,10/31/2023,JOB DESCRIPTION,"$26,439.00",,,,
235,ACADEMIC INTERVENTIONIST 23/24SY,NORTHWEST MIDDLE,CERTIFIED,ACADEMIC INTERVENTIONIST,09/25/2023,10/31/2023,JOB DESCRIPTION,"$44,800.00",,,,
236,TCHR SPED ES SUPPLY 1/3/24 THROUGH 2/14/24,MILL CREEK ELEMENTARY,CERTIFIED,TEACHER ES SPECIAL ED,09/25/2023,10/31/2023,JOB DESCRIPTION,,"$36,100.00-$36,100.00",,,
237,EDUC ASSIST SPED ES 23/24SY,NORTHSHORE ELEMENTARY,CLASSIFIED,EDUCATIONAL ASSISTANT SPED ES,09/25/2023,10/31/2023,JOB DESCRIPTION,"$22,308.00",,,,
238,EDUC ASSIST CDC-A ES 23/24SY,NORTHSHORE ELEMENTARY,CLASSIFIED,EDUCATIONAL ASSISTANT SPED ES,09/25/2023,10/31/2023,JOB DESCRIPTION,"$22,308.00",,,,
239,TCHR PHYS ED HS INTERIM 11/21/23 THROUGH 5/24/24,POWELL HIGH,CERTIFIED,TEACHER HS PE AND WELLNESS,09/25/2023,10/31/2023,JOB DESCRIPTION,"$44,800.00",,,,
240,ASSISTANT WRESTLING COACH / EXTRA / FARRAGUT HIGH SCHOOL,FARRAGUT HIGH,CLASSIFIED,ATH COACH WRESTLING ASSISTANT,09/25/2023,11/29/2023,,,,,,
241,BEHAV ANALYST BD CRT 23/24SY,OFFICE OF SCHOOL CULTURE,CLASSIFIED,LIAISON,09/25/2023,10/31/2023,JOB DESCRIPTION,"$44,800.00",,,,
242,EDUC ASSIST ES SUPPY 1/22/24 THROUGH 5/7/24,AL LOTTS ELEMENTARY,CLASSIFIED,EDUCATIONAL ASSISTANT ES,09/25/2023,10/31/2023,JOB DESCRIPTION,,"$21,192.60-$21,192.60",,,
243,RESTORATIVE ASST 23/24SY,KARNS MIDDLE,CLASSIFIED,EDUCATIONAL ASSISTANT MS,09/26/2023,10/31/2023,JOB DESCRIPTION,"$26,439.00",,,,
244,EDUC ASSIST SPED ES 23/24SY,AL LOTTS ELEMENTARY,CLASSIFIED,EDUCATIONAL ASSISTANT SPED ES,09/26/2023,10/31/2023,JOB DESCRIPTION,"$22,308.00",,,,
245,TCHR 2ND GRADE SUPPLY 2/5/24 THROUGH 5/24/24,SEQUOYAH ELEMENTARY,CERTIFIED,TEACHER 2ND GRADE,09/26/2023,10/31/2023,JOB DESCRIPTION,,"$36,100.00-$36,100.00",,,
246,MANAGER TCHR SUPPLY DEPOT,PUBLIC AFFAIRS,CLASSIFIED,MANAGER,09/26/2023,10/31/2023,JOB DESCRIPTION,"$46,679.00",,,,
247,EDUC ASSIST ES 23/24SY,MAYNARD ELEMENTARY,CLASSIFIED,EDUCATIONAL ASSISTANT ES,09/26/2023,10/31/2023,JOB DESCRIPTION,"$22,308.00",,,,
248,EDUC ASSIST MAG ES 23/24SY,GREEN MAGNET ACADEMY,CLASSIFIED,EDUCATIONAL ASSISTANT ES,09/26/2023,10/31/2023,JOB DESCRIPTION,"$22,308.00",,,,
249,BEHAVIOR LIAISON 23/24SY,SPECIAL EDUCATION,CLASSIFIED,LIAISON,09/27/2023,10/31/2023,JOB DESCRIPTION,"$44,800.00",,,,
250,FOOD SERVICE,CHILD NUTRITION,CLASSIFIED,FOOD SERVICE WORKER,07/01/2023,12/31/9999,Job Description,,,,$11.75-$18.18,
251,EDUC ASSIST SATL SP 23/24SY,RIDGEDALE ALTERNATIVE,CLASSIFIED,EDUCATIONAL ASSISTANT ALT SPD,07/03/2023,09/30/2023,JOB DESCRIPTION,"$26,439.00",,,,
252,ASSISTANT GIRLS WRESTLING COACH / SOUTH DOYLE HIGH SCHOOL,SOUTH DOYLE HIGH,CLASSIFIED,ATH COACH WRESTLING HEAD,08/11/2022,11/29/2023,,,,,,
253,WORKPLACE READINESS SPECIALIST - TSW GRANT- TIMECARD,SYSTEMWIDE,CLASSIFIED,,07/03/2023,09/30/2023,JOB DESCRIPTION,,,,,
254,WORKPLACE READINESS SPECIALIST - TSW GRANT- TIMECARD,SYSTEMWIDE,CLASSIFIED,,07/03/2023,09/30/2023,JOB DESCRIPTION,,,,,
255,TCHR MATH HS 23/24SY,BEARDEN HIGH,CERTIFIED,TEACHER HS MATHEMATICS,07/03/2023,09/30/2023,JOB DESCRIPTION,"$44,800.00",,,,
256,INSTRUCTOR ROTC 23/24SY,FULTON HIGH,CERTIFIED,TEACHER ROTC,07/03/2023,09/30/2023,JOB DESCRIPTION,,,"$40,000.00-$100,000.00",,
257,EDUC ASSIST SATL SP 23/24SY,RIDGEDALE ALTERNATIVE,CLASSIFIED,EDUCATIONAL ASSISTANT ALT SPD,07/03/2023,09/30/2023,JOB DESCRIPTION,"$26,439.00",,,,
258,EDUC ASSIST SPED HS 23/24SY,HARDIN VALLEY ACADEMY,CLASSIFIED,EDUCATIONAL ASSISTANT SPED HS,07/03/2023,09/30/2023,JOB DESCRIPTION,"$22,308.00",,,,
259,GIRLS ASSISTANT WRESTLING COACH / POWELL HIGH SCHOOL,POWELL HIGH,CLASSIFIED,ATH COACH WRESTLING ASSISTANT,10/20/2022,11/29/2023,,,,,,
260,TCHR MATH HS 23/24SY,BEARDEN HIGH,CERTIFIED,TEACHER HS MATHEMATICS,07/03/2023,09/30/2023,JOB DESCRIPTION,"$44,800.00",,,,
261,COUNSELOR SCHOOL (POOL) 23/24SY,SYSTEMWIDE,CERTIFIED,TEACHER SYSTEMWIDE,02/03/2023,06/30/2024,JOB DESCRIPTION,"$43,077.00",,,,
262,EDUC ASSIST ELEVATE 23/24SY,SYSTEMWIDE,CLASSIFIED,EDUCATIONAL ASSISTANT ALT,07/03/2023,09/30/2023,,"$22,308.00",,,,
263,PERMANENT SUB II 23/24SY,NORTHWEST MIDDLE,CLASSIFIED,SUBSTITUTE PERMANENT II,07/03/2023,09/30/2023,JOB DESCRIPTION,,,,,
264,EDUC ASSIST CDC MS 23/24SY,NORTHWEST MIDDLE,CLASSIFIED,EDUCATIONAL ASSISTANT SPED MS,07/03/2023,09/30/2023,JOB DESCRIPTION,"$22,308.00",,,,
265,INSTRUCTOR ROTC 23/24SY,WEST HIGH,CERTIFIED,TEACHER ROTC,07/03/2023,09/30/2023,JOB DESCRIPTION,,,,,
266,EDUC ASSIST CDC MS 23/24SY,NORTHWEST MIDDLE,CLASSIFIED,EDUCATIONAL ASSISTANT SPED MS,07/03/2023,09/30/2023,JOB DESCRIPTION,"$22,308.00",,,,
267,EDUC ASSIST CDC MS 23/24SY,NORTHWEST MIDDLE,CLASSIFIED,EDUCATIONAL ASSISTANT SPED MS,07/03/2023,09/30/2023,JOB DESCRIPTION,"$22,308.00",,,,
268,EDUC ASSIST SATL SP 23/24SY,RICHARD YOAKLEY SCHOOL,CLASSIFIED,EDUCATIONAL ASSISTANT ALT SPD,07/03/2023,09/30/2023,JOB DESCRIPTION,"$26,439.00",,,,
269,EDUC ASSIST SATL SP 23/24SY,RIDGEDALE ALTERNATIVE,CLASSIFIED,EDUCATIONAL ASSISTANT ALT SPD,07/03/2023,09/30/2023,JOB DESCRIPTION,"$26,439.00",,,,
270,EDUC ASSIST SATL SP 23/24SY,RIDGEDALE ALTERNATIVE,CLASSIFIED,EDUCATIONAL ASSISTANT SPED HS,07/03/2023,09/30/2023,JOB DESCRIPTION,"$26,439.00",,,,
271,EDUC ASSIST SATL SP 23/24SY,RIDGEDALE ALTERNATIVE,CLASSIFIED,EDUCATIONAL ASSISTANT ALT SPD,07/03/2023,09/30/2023,JOB DESCRIPTION,"$26,439.00",,,,
272,EDUC ASSIST ES PART-TIME 23/24SY,BEARDEN ELEMENTARY,CLASSIFIED,EDUCATIONAL ASSISTANT ES,07/03/2023,09/30/2023,JOB DESCRIPTION,"$22,308.00",,,,
273,EDUC ASSIST SPED MS 23/24SY,HARDIN VALLEY MIDDLE,CLASSIFIED,EDUCATIONAL ASSISTANT SPED MS,07/03/2023,09/30/2023,JOB DESCRIPTION,"$22,308.00",,,,
274,EDUC ASSIST SPED ES 23/24SY,ROCKY HILL ELEMENTARY,CLASSIFIED,EDUCATIONAL ASSISTANT SPED ES,07/03/2023,09/30/2023,JOB DESCRIPTION,"$22,308.00",,,,
275,EDUC ASSIST CDC ES 23/24SY,ROCKY HILL ELEMENTARY,CLASSIFIED,EDUCATIONAL ASSISTANT SPED ES,07/03/2023,09/30/2023,JOB DESCRIPTION,"$22,308.00",,,,
276,SPED HOMEBASED AUTISM 23/24SY,SPECIAL EDUCATION,CERTIFIED,TEACHER SYSTEMWIDE,07/03/2023,09/30/2023,JOB DESCRIPTION,"$44,800.00",,,,
277,EDUC ASSIST SPED PK 23/24SY,SYSTEMWIDE,CLASSIFIED,EDUCATIONAL ASSISTANT SPED PK,07/03/2023,09/30/2023,JOB DESCRIPTION,"$22,308.00",,,,
278,EDUC ASSIST SPED PK 23/24SY,SYSTEMWIDE,CLASSIFIED,EDUCATIONAL ASSISTANT SPED PK,07/03/2023,09/30/2023,JOB DESCRIPTION,"$22,308.00",,,,
279,ASSISTANT VOLLEYBALL COACH / EXTRA / CENTRAL HIGH SCHOOL,CENTRAL HIGH,CLASSIFIED,ATH COACH VOLLEYBALL ASSISTANT,01/09/2023,11/29/2023,,,,,,
280,TCHR MATH MS- 50% 23/24SY,NORTHWEST MIDDLE,CERTIFIED,TEACHER MS MATHEMATICS,07/03/2023,09/30/2023,JOB DESCRIPTION,"$44,800.00",,,,
281,CUSTODIAN,MAINTENANCE,CLASSIFIED,CUSTODIAN WORKER,07/03/2023,12/31/9999,Job Description,,,,$12.20-$18.84,
282,EDUC ASSIST CDC-A MS 23/24SY,KARNS MIDDLE,CLASSIFIED,EDUCATIONAL ASSISTANT SPED MS,07/03/2023,09/30/2023,JOB DESCRIPTION,"$22,308.00",,,,
283,TIMECARD,SYSTEMWIDE,CLASSIFIED,TIMECARD,03/05/2021,12/31/9999,,,,,,
284,TCHR SPEECH / LANGUAGE POOL 23/24SY,SPECIAL EDUCATION,CERTIFIED,TEACHER SPEECH,01/05/2023,06/30/2024,Job Description,,,,,"$43,077.00-$63,648.00"
285,ASSISTANT BOYS BASKETBALL COACH / EXTRA / FULTON HIGH SCHOOL,FULTON HIGH,CLASSIFIED,ATH COACH BASKETBALL B-TEAM,11/09/2022,12/31/9999,,,,,,
286,EDUC ASSIST CDC-A MS 23/24SY,WHITTLE SPRINGS MIDDLE,CLASSIFIED,EDUCATIONAL ASSISTANT SPED MS,02/22/2023,11/30/2023,JOB DESCRIPTION,"$19,918.00",,,,
287,EDUC ASSIST TITLE I 23/24SY,MAYNARD ELEMENTARY,CLASSIFIED,EDUCATIONAL ASSISTANT ES,07/03/2023,09/30/2023,JOB DESCRIPTION,"$22,308.00",,,,
288,TCHR SPECIAL ED 23/24SY,KNOXVILLE ADAPTIVE ED CENTER,CERTIFIED,TEACHER ES SPECIAL ED,07/03/2023,09/30/2023,JOB DESCRIPTION,"$44,800.00",,,,
289,EDUC ASSIST SATL SP 23/24SY,RICHARD YOAKLEY SCHOOL,CLASSIFIED,EDUCATIONAL ASSISTANT ALT SPD,07/03/2023,09/30/2023,JOB DESCRIPTION,"$26,439.00",,,,
290,TCHR MATH 7 23/24SY,VINE MIDDLE,CERTIFIED,TEACHER MS MATHEMATICS,07/03/2023,09/30/2023,JOB DESCRIPTION,"$44,800.00",,,,
291,TCHR SPED CDC-A HS 23/24SY,CENTRAL HIGH,CERTIFIED,TEACHER HS SPECIAL ED,07/03/2023,09/30/2023,JOB DESCRIPTION,"$44,800.00",,,,
292,EDUC ASSIST SATL SP 23/24SY,RIDGEDALE ALTERNATIVE,CLASSIFIED,EDUCATIONAL ASSISTANT ALT SPD,07/03/2023,09/30/2023,JOB DESCRIPTION,"$26,439.00",,,,
293,EDUC ASSIST CDC-A ES 23/24SY,ROCKY HILL ELEMENTARY,CLASSIFIED,EDUCATIONAL ASSISTANT SPED ES,07/03/2023,09/30/2023,JOB DESCRIPTION,"$22,308.00",,,,
294,TCHR ELL (POOL) 23/24SY,ENGLISH LANGUAGE LEARNERS,CERTIFIED,TEACHER ENGLISH LANG LEARNERS,12/01/2022,06/30/2024,JOB DESCRIPTION,"$43,077.00",,,,
295,TCHR ART 23/24SY (221 DAY),KELLEY VOLUNTEER ACADEMY,CERTIFIED,TEACHER HS FINE ARTS,07/03/2023,09/30/2023,JOB DESCRIPTION,"$49,504.00",,,,
296,EDUC ASSIST SATL SP PART-TIME 23/24SY,RICHARD YOAKLEY SCHOOL,CLASSIFIED,EDUCATIONAL ASSISTANT ALT SPD,07/03/2023,09/30/2023,JOB DESCRIPTION,"$26,439.00",,,,
297,EDUC ASSIST CDC HS 23/24SY,SOUTH DOYLE HIGH,CLASSIFIED,EDUCATIONAL ASSISTANT SPED HS,07/03/2023,09/30/2023,JOB DESCRIPTION,"$22,308.00",,,,
298,ASSISTANT FOOTBALL COACH / EXTRA / SOUTH DOYLE HIGH SCHOOL,SOUTH DOYLE HIGH,CLASSIFIED,ATH COACH FOOTBALL ASSISTANT,12/20/2022,11/29/2023,,,,,,
299,RESTORATIVE ASSTISTANT 23/24SY,SYSTEMWIDE,CLASSIFIED,EA SYSTEMWIDE,07/03/2023,09/30/2023,JOB DESCRIPTION,"$26,439.00",,,,
300,SCHOOL SECURITY OFFICER - POOL,SECURITY,CLASSIFIED,SECURITY OFFICER,09/02/2020,12/31/9999,Job Description,,,,,
301,ASSISTANT FOOTBALL COACH / AUSTIN EAST HIGH SCHOOL,AUSTIN EAST HIGH,CLASSIFIED,ATH COACH FOOTBALL ASSISTANT,03/10/2023,11/29/2023,,,,,,
302,TCHR SPED SEC SA 23/24SY,RICHARD YOAKLEY SCHOOL,CERTIFIED,TEACHER MS SPECIAL ED,07/03/2023,09/30/2023,JOB DESCRIPTION,"$44,800.00",,,,
303,TPACK DISTRICT POOL 23/24SY,SYSTEMWIDE,CERTIFIED,COACH TPACK,03/23/2023,06/30/2024,JOB DESCRIPTION,"$45,446.24",,,,
304,SOCIAL WORKER POOL 23/24SY,SOCIAL WORKER,CERTIFIED,SOCIAL WORKER,03/23/2023,06/30/2024,JOB DESCRIPTION,,,,,
305,COUNSELOR ELEMENTARY POOL 23/24SY,COUNSELOR ELEMENTARY,CERTIFIED,GUIDANCE ELEMENTARY,03/23/2023,06/30/2024,JOB DESCRIPTION,"$43,077.00",,,,
306,PERMANENT SUB II 23/24SY,FORT SANDERS EDU DEVELOP CENT,CLASSIFIED,SUBSTITUTE PERMANENT II,07/03/2023,09/30/2023,JOB DESCRIPTION,,,,,
307,ASSISTANT BOYS SOCCER COACH / EXTRA / CENTRAL HIGH SCHOOL,CENTRAL HIGH,CLASSIFIED,ATH COACH SOCCER ASSISTANT,01/17/2023,11/29/2023,,,,,,
308,EDUC ASSIST CDC ES 23/24SY,GREEN MAGNET ACADEMY,CLASSIFIED,EDUCATIONAL ASSISTANT SPED ES,07/03/2023,09/30/2023,JOB DESCRIPTION,"$22,308.00",,,,
309,EDUC ASSIST CDC-A MS 23/24SY,SOUTH DOYLE MIDDLE,CLASSIFIED,EDUCATIONAL ASSISTANT SPED MS,07/03/2023,09/30/2023,JOB DESCRIPTION,"$22,308.00",,,,
310,TCHR SPED ES 23/24SY,BALL CAMP ELEMENTARY,CERTIFIED,TEACHER ES SPECIAL ED,07/03/2023,09/30/2023,JOB DESCRIPTION,"$44,800.00",,,,
311,ASSISTANT TRACK COACH / EXTRA / BEARDEN HIGH SCHOOL,BEARDEN HIGH,CLASSIFIED,ATH COACH TRACK ASSISTANT,03/31/2022,11/29/2023,,,,,,
312,TCHR SPECIAL EDUC 23/24SY,SOUTH DOYLE HIGH,CERTIFIED,TEACHER HS SPECIAL ED,07/03/2023,09/30/2023,JOB DESCRIPTION,"$44,800.00",,,,
313,TCHR SPED ES 23/24SY,WEST HAVEN ELEMENTARY,CERTIFIED,TEACHER ES SPECIAL ED,07/03/2023,09/30/2023,JOB DESCRIPTION,"$44,800.00",,,,
314,HEAD GIRLS TRACK COACH / CENTRAL HIGH SCHOOL,CENTRAL HIGH,CLASSIFIED,ATH COACH TRACK HEAD,05/16/2023,11/29/2023,,,,,,
315,EDUC ASSIST SPED ES 23/24SY,WEST HAVEN ELEMENTARY,CLASSIFIED,EDUCATIONAL ASSISTANT SPED ES,07/03/2023,09/30/2023,JOB DESCRIPTION,"$22,308.00",,,,
316,TCHR SPEECH AND LANGUAGE SUPPLY THROUGH 12/21/23,SPEECH SERVICES,CERTIFIED,TEACHER SPEECH,07/03/2023,12/21/2023,JOB DESCRIPTION,"$44,800.00",,,,
317,ASSISTANT GIRLS SOCCER COACH / POWELL HIGH SCHOOL,POWELL HIGH,CLASSIFIED,ATH COACH SOCCER ASSISTANT,05/17/2023,11/29/2023,,,,,,
318,ASSISTANT FOOTBALL COACH / EXTRA / HALLS HIGH SCHOOL,HALLS HIGH,CLASSIFIED,ATH COACH FOOTBALL ASSISTANT,04/11/2023,11/29/2023,,,,,,
319,TCHR SPED PRE-SCHOOL 23/24SY,BRICKEY-MCCLOUD ELEMENTARY,CERTIFIED,TEACHER PRE-K SPED,07/03/2023,09/30/2023,JOB DESCRIPTION,"$44,800.00",,,,
320,FRESHMAN BOYS BASKETBALL COACH / SOUTH DOYLE HIGH SCHOOL,SOUTH DOYLE HIGH,CLASSIFIED,ATH COACH BASKETBALL FRESHMAN,05/18/2023,11/29/2023,,,,,,
321,EDUC ASSIST CDC-A MS 23/24SY,POWELL MIDDLE,CLASSIFIED,EDUCATIONAL ASSISTANT SPED MS,07/03/2023,09/30/2023,JOB DESCRIPTION,"$22,308.00",,,,
322,TENNIS COACH / SOUTH DOYLE HIGH SCHOOL,SOUTH DOYLE HIGH,CLASSIFIED,ATH COACH TENNIS HEAD,05/22/2023,11/29/2023,,,,,,
323,ASSISTANT BASEBALL COACH / EXTRA / SOUTH DOYLE HIGH SCHOOL,SOUTH DOYLE HIGH,CLASSIFIED,ATH COACH BASEBALL ASSISTANT,05/22/2023,11/29/2023,,,,,,
324,BOYS TRACK COACH / WEST VALLEY MIDDLE SCHOOL,WEST VALLEY MIDDLE,CLASSIFIED,ATH COACH TRACK MIDDLE SCHOOL,05/22/2023,11/29/2023,,,,,,
325,RESTORATIVE LIAISON 23/24SY,SYSTEMWIDE,CLASSIFIED,LIAISON,07/03/2023,09/30/2023,JOB DESCRIPTION,"$45,920.00",,,,
326,GIRLS TRACK COACH / NORTHWEST MIDDLE SCHOOL,NORTHWEST MIDDLE,CLASSIFIED,ATH COACH TRACK MIDDLE SCHOOL,05/30/2023,11/29/2023,,,,,,
327,EDUC ASSIST SPED PK 23/24SY,FORT SANDERS EDU DEVELOP CENT,CLASSIFIED,EDUCATIONAL ASSISTANT SPED PK,07/03/2023,09/30/2023,JOB DESCRIPTION,"$22,308.00",,,,
328,EDUC ASSIST SPED PK 23/24SY,FORT SANDERS EDU DEVELOP CENT,CLASSIFIED,EDUCATIONAL ASSISTANT SPED PK,07/03/2023,09/30/2023,JOB DESCRIPTION,"$22,308.00",,,,
329,ASSISTANT FOOTBALL COACH / EXTRA / CARTER HIGH SCHOOL,CARTER HIGH,CLASSIFIED,ATH COACH FOOTBALL ASSISTANT,04/24/2023,11/29/2023,,,,,,
330,FRESHMAN BOYS BASKETBALL COACH / AUSTIN EAST HIGH SCHOOL,WEST VALLEY MIDDLE,CLASSIFIED,ATH COACH BASKETBALL FRESHMAN,04/25/2023,11/29/2023,,,,,,
331,ASSISTANT FOOTBALL COACH / EXTRA / POWELL HIGH SCHOOL,POWELL HIGH,CLASSIFIED,ATH COACH FOOTBALL ASSISTANT,05/31/2023,11/29/2023,,,,,,
332,HEAD WRESTLING COACH / AUSTIN EAST HIGH SCHOOL,AUSTIN EAST HIGH,CLASSIFIED,ATH COACH WRESTLING HEAD,05/17/2021,11/29/2023,,,,,,
333,STRENGTH AND CONDITIONING COACH / SOUTH DOYLE HIGH SCHOOL,SOUTH DOYLE HIGH,CLASSIFIED,STRENGTH & CONDITIONING COACH,06/02/2023,11/29/2023,,,,,,
334,ASSISTANT BOYS BASKETBALL COACH / EXTRA HALLS MIDDLE SCHOOL,HALLS MIDDLE,CLASSIFIED,ATH COACH BASKETBALL MIDDLE,06/02/2023,11/29/2023,,,,,,
335,ASSISTANT GIRLS BASKETBALL COACH / EXTRA / HALLS MIDDLE SCHOOL,HALLS MIDDLE,CLASSIFIED,ATH COACH BASKETBALL MIDDLE,06/02/2023,11/29/2023,,,,,,
336,ASSISTANT BASEBALL COACH / CENTRAL HIGH SCHOOL,CENTRAL HIGH,CLASSIFIED,ATH COACH BASEBALL ASSISTANT,06/02/2023,11/29/2023,,,,,,
337,PSYCHOLOGIST (CHILD FIND) 23/24SY,SYSTEMWIDE,CERTIFIED,PSYCHOLOGIST,07/03/2023,09/30/2023,JOB DESCRIPTION,"$47,264.00",,,,
338,TCHR SPEECH AND LANG (CHILD FIND),SYSTEMWIDE,CERTIFIED,TEACHER SPEECH,07/03/2023,09/30/2023,JOB DESCRIPTION,"$44,800.00",,,,
339,TCHR SPED CHILD FIND 23/24SY,SYSTEMWIDE,CERTIFIED,TEACHER SYSTEMWIDE,07/03/2023,09/30/2023,JOB DESCRIPTION,"$44,800.00",,,,
340,EDUC ASSIST ES (PART-TIME) 23/24SY,SEQUOYAH ELEMENTARY,CLASSIFIED,EDUCATIONAL ASSISTANT ES,07/03/2023,09/30/2023,JOB DESCRIPTION,"$22,308.00",,,,
341,EDUC ASSISTANT ELL (POOL) 23/24SY,ENGLISH LANGUAGE LEARNERS,CLASSIFIED,EA SYSTEMWIDE,05/01/2023,06/30/2024,JOB DESCRIPTION,"$19,918.00",,,,
342,INTERPRETER (ARABIC) 23/24SY,ENGLISH LANGUAGE LEARNERS,CLASSIFIED,INTERPRETER CLASSIFIED,07/03/2023,09/30/2023,JOB DESCRIPTION,"$27,778.15",,,,
343,TCHR SPED PRE K SUPPLY THROUGH 12/20/23,KARNS PRESCHOOL,CERTIFIED,TEACHER PRE-K SPED,07/03/2023,12/20/2023,JOB DESCRIPTION,"$44,800.00",,,,
344,TCHR FOREIGN LANG HS (FRENCH) 23/24SY,SOUTH DOYLE HIGH,CERTIFIED,TEACHER HS WORLD LANGUAGES,07/03/2023,09/30/2023,JOB DESCRIPTION,"$44,800.00",,,,
345,TCHR MATH HS 23/24SY,AUSTIN EAST HIGH,CERTIFIED,TEACHER HS MATHEMATICS,07/03/2023,09/30/2023,JOB DESCRIPTION,"$44,800.00",,,,
346,TCHR SPED ES 23/24SY,GIBBS ELEMENTARY,CERTIFIED,TEACHER ES SPECIAL ED,07/03/2023,09/30/2023,JOB DESCRIPTION,"$44,800.00",,,,
347,ASSISTANT FOOTBALL COACH / GIBBS HIGH SCHOOL,GIBBS HIGH,CLASSIFIED,ATH COACH FOOTBALL ASSISTANT,05/04/2023,11/29/2023,,,,,,
348,ASSISTANT CROSS COUNTRY COACH / EXTRA / GIBBS HIGH SCHOOL,GIBBS HIGH,CLASSIFIED,ATH COACH TRACK ASSISTANT,05/03/2023,11/29/2023,,,,,,
349,TCHR SPED HS 23/24SY,KARNS HIGH,CERTIFIED,TEACHER HS SPECIAL ED,07/03/2023,09/30/2023,JOB DESCRIPTION,"$44,800.00",,,,
350,TCHR SPED SEC SA 23/24SY,SOUTH DOYLE HIGH,CERTIFIED,TEACHER HS SPECIAL ED,07/03/2023,09/30/2023,JOB DESCRIPTION,"$44,800.00",,,,
351,PSYCHOLOGIST 23/24SY,SYSTEMWIDE,CERTIFIED,PSYCHOLOGIST,07/03/2023,09/30/2023,JOB DESCRIPTION,"$47,264.00",,,,
352,TCHR JUVENILE DETENTION CENTER 23/24SY,OFFICE OF SCHOOL CULTURE,CERTIFIED,TEACHER SYSTEMWIDE,07/03/2023,09/30/2023,JOB DESCRIPTION,"$44,800.00",,,,
353,ASSISTANT WRESTLING COACH/HARDIN VALLEY ACADEY,HARDIN VALLEY ACADEMY,CLASSIFIED,ATH COACH WRESTLING ASSISTANT,06/09/2023,11/29/2023,,,,"$2,750.00-$3,949.00",,
354,TCHR 5TH GRADE SUPPLY THROUGH 12/20/23,EAST KNOX ELEMENTARY,CERTIFIED,TEACHER 5TH GRADE,07/03/2023,12/20/2023,JOB DESCRIPTION,"$44,800.00",,,,
355,NON FACULTY BAND TECH SUPPLEMENT (POOL) 23/24SY,AUSTIN EAST HIGH,CLASSIFIED,BAND TECH,05/09/2023,04/30/2024,,"$1,650.00",,,,
356,NON FACULTY BAND TECH (SUPPLEMENT) POOL 23/24SY,BEARDEN HIGH,CLASSIFIED,BAND TECH,05/09/2023,04/30/2024,,"$1,650.00",,,,
357,NON FACULTY BAND TECH (SUPPLEMENT) POOL 23/24SY,CARTER HIGH,CLASSIFIED,BAND TECH,05/09/2023,04/30/2024,,"$1,650.00",,,,
358,TCHR SPED HS 23/24SY,CENTRAL HIGH,CERTIFIED,TEACHER HS SPECIAL ED,07/03/2023,09/30/2023,JOB DESCRIPTION,"$44,800.00",,,,
359,NON FACULTY BAND TECH (SUPPLEMENT) POOL 23/24SY,CENTRAL HIGH,CLASSIFIED,BAND TECH,05/09/2023,04/30/2024,,"$1,650.00",,,,
360,NON FACULTY BAND TECH (SUPPLEMENT) POOL 23/24SY,FARRAGUT HIGH,CLASSIFIED,BAND TECH,05/09/2023,04/30/2024,,"$1,650.00",,,,
361,TCHR HEARING 23/24SY,HEARING SERVICES,CERTIFIED,TEACHER HEARING,07/03/2023,09/30/2023,JOB DESCRIPTION,"$44,800.00",,,,
362,NON FACULTY BAND TECH (SUPPLEMENT) POOL 23/24SY,GIBBS HIGH,CLASSIFIED,BAND TECH,05/09/2023,04/30/2024,,"$1,650.00",,,,
363,NON FACULTY BAND TECH (SUPPLEMENT) POOL 23/24SY,HALLS HIGH,CLASSIFIED,BAND TECH,05/09/2023,04/30/2024,,"$1,650.00",,,,
364,NON FACULTY BAND TECH (SUPPLEMENT) POOL 23/24SY,HARDIN VALLEY ACADEMY,CLASSIFIED,BAND TECH,05/09/2023,04/30/2024,,"$1,650.00",,,,
365,NON FACULTY BAND TECH (SUPPLEMENT) POOL 23/24SY,KARNS HIGH,CLASSIFIED,BAND TECH,05/09/2023,04/30/2024,,,,"$1,650.00-$3,713.00",,
366,NON FACULTY BAND TECH (SUPPLEMENT) POOL 23/24SY,POWELL HIGH,CLASSIFIED,BAND TECH,05/09/2023,04/30/2024,,"$1,650.00",,,,
367,NON FACULTY BAND TECH (SUPPLEMENT) POOL 23/24SY,SOUTH DOYLE HIGH,CLASSIFIED,BAND TECH,05/09/2023,04/30/2024,,"$1,650.00",,,,
368,NON FACULTY BAND TECH (SUPPLEMENT) POOL 23/24SY,WEST HIGH,CLASSIFIED,BAND TECH,05/09/2023,04/30/2024,,"$1,650.00",,,,
369,EDUC ASSIST SPED ES 23/24SY,BALL CAMP ELEMENTARY,CLASSIFIED,EDUCATIONAL ASSISTANT SPED ES,07/03/2023,09/30/2023,JOB DESCRIPTION,"$22,308.00",,,,
370,EDUC ASSIST SPED PK 23/24SY,WEST HILLS ELEMENTARY,CLASSIFIED,EDUCATIONAL ASSISTANT SPED PK,07/03/2023,09/30/2023,JOB DESCRIPTION,"$22,308.00",,,,
371,PERMANENT SUB II 23/24SY,GRESHAM MIDDLE,CLASSIFIED,SUBSTITUTE PERMANENT II,07/03/2023,09/30/2023,JOB DESCRIPTION,,,,,
372,TCHR SPED ES SUPPLY THROUGH 10/5/23,DOGWOOD ELEMENTARY,CERTIFIED,TEACHER ES SPECIAL ED,07/03/2023,10/05/2023,JOB DESCRIPTION,,"$36,100.00-$36,100.00",,,
373,EDUC ASSIST SATL SP 23/24SY,RICHARD YOAKLEY SCHOOL,CLASSIFIED,EDUCATIONAL ASSISTANT ALT SPD,07/03/2023,09/30/2023,JOB DESCRIPTION,"$26,439.00",,,,
374,EDUC ASSIST PAC ES 23/24SY,GREEN MAGNET ACADEMY,CLASSIFIED,EDUCATIONAL ASSISTANT ES,07/03/2023,09/30/2023,JOB DESCRIPTION,"$22,308.00",,,,
375,BOYS ASSISTANT BASKETBALL COACH / EXTRA / KARNS MIDDLE SCHOOL,KARNS MIDDLE,CLASSIFIED,ATH COACH BASKETBALL MIDDLE,06/15/2023,11/29/2023,,,,,,
376,EDUC ASSIST SPED ES 23/24SY,GREEN MAGNET ACADEMY,CLASSIFIED,EDUCATIONAL ASSISTANT SPED ES,07/03/2023,09/30/2023,JOB DESCRIPTION,"$22,308.00",,,,
377,EDUC ASSIST CDC MS 23/24SY,NORTHWEST MIDDLE,CLASSIFIED,EDUCATIONAL ASSISTANT SPED MS,07/03/2023,09/30/2023,JOB DESCRIPTION,"$21,192.60",,,,
378,EDUC ASSIST SPED HS 23/24SY,CENTRAL HIGH,CLASSIFIED,EDUCATIONAL ASSISTANT SPED HS,07/03/2023,09/30/2023,JOB DESCRIPTION,"$22,308.00",,,,
379,SUBSTITUTE APPLICANT POOL 23/24SY,SUBSTITUTE,SUBSTITUTES,SUB REG IN CERTIFIED POS,06/26/2023,12/31/9999,,,,,,
380,EDUC ASSIST TITLE 1 23/24SY,EAST KNOX ELEMENTARY,CLASSIFIED,EDUCATIONAL ASSISTANT ES,07/03/2023,09/30/2023,JOB DESCRIPTION,"$22,308.00",,,,
381,TCHR LANG ARTS HS SUPPLY THROUGH 12/20/23,FULTON HIGH,CERTIFIED,TEACHER HS ELA,07/03/2023,12/20/2023,JOB DESCRIPTION,,"$36,100.00-$36,100.00",,,
382,MAINT MOWING CREW,MAINTENANCE,CLASSIFIED,MAINTENANCE - GROUNDS,06/24/2021,12/31/9999,Job Description,,,,$10.94-$16.93,
